No.;Tema;Pregunta;;;;;;;;;
1;1. Criterios generales sobre becas;¨Qu‚ pasa si los criterios y tipos de becas disponibles?;;;;;;;;;
2;1. Criterios generales sobre becas;¨C¢mo puedo los criterios y tipos de becas disponibles?;;;;;;;;;
3;1. Criterios generales sobre becas;¨Cu ndo debo los criterios y tipos de becas disponibles?;;;;;;;;;
4;1. Criterios generales sobre becas;¨D¢nde se los criterios y tipos de becas disponibles?;;;;;;;;;
5;1. Criterios generales sobre becas;¨Qui‚n puede los criterios y tipos de becas disponibles?;;;;;;;;;
6;1. Criterios generales sobre becas;¨Cu les son los requisitos para los criterios y tipos de becas disponibles?;;;;;;;;;
7;1. Criterios generales sobre becas;¨Se puede los criterios y tipos de becas disponibles?;;;;;;;;;
8;1. Criterios generales sobre becas;¨En qu‚ consiste los criterios y tipos de becas disponibles?;;;;;;;;;
9;1. Criterios generales sobre becas;¨Qu‚ sucede si los criterios y tipos de becas disponibles?;;;;;;;;;
10;1. Criterios generales sobre becas;¨Por qu‚ motivo se los criterios y tipos de becas disponibles?;;;;;;;;;
11;1. Criterios generales sobre becas;¨Qu‚ pasa si los criterios y tipos de becas disponibles?;;;;;;;;;
12;1. Criterios generales sobre becas;¨C¢mo puedo los criterios y tipos de becas disponibles?;;;;;;;;;
13;1. Criterios generales sobre becas;¨Cu ndo debo los criterios y tipos de becas disponibles?;;;;;;;;;
14;1. Criterios generales sobre becas;¨D¢nde se los criterios y tipos de becas disponibles?;;;;;;;;;
15;1. Criterios generales sobre becas;¨Qui‚n puede los criterios y tipos de becas disponibles?;;;;;;;;;
16;1. Criterios generales sobre becas;¨Cu les son los requisitos para los criterios y tipos de becas disponibles?;;;;;;;;;
17;1. Criterios generales sobre becas;¨Se puede los criterios y tipos de becas disponibles?;;;;;;;;;
18;1. Criterios generales sobre becas;¨En qu‚ consiste los criterios y tipos de becas disponibles?;;;;;;;;;
19;1. Criterios generales sobre becas;¨Qu‚ sucede si los criterios y tipos de becas disponibles?;;;;;;;;;
20;1. Criterios generales sobre becas;¨Por qu‚ motivo se los criterios y tipos de becas disponibles?;;;;;;;;;
21;1. Criterios generales sobre becas;¨Qu‚ pasa si los criterios y tipos de becas disponibles?;;;;;;;;;
22;1. Criterios generales sobre becas;¨C¢mo puedo los criterios y tipos de becas disponibles?;;;;;;;;;
23;1. Criterios generales sobre becas;¨Cu ndo debo los criterios y tipos de becas disponibles?;;;;;;;;;
24;1. Criterios generales sobre becas;¨D¢nde se los criterios y tipos de becas disponibles?;;;;;;;;;
25;1. Criterios generales sobre becas;¨Qui‚n puede los criterios y tipos de becas disponibles?;;;;;;;;;
26;1. Criterios generales sobre becas;¨Cu les son los requisitos para los criterios y tipos de becas disponibles?;;;;;;;;;
27;1. Criterios generales sobre becas;¨Se puede los criterios y tipos de becas disponibles?;;;;;;;;;
28;1. Criterios generales sobre becas;¨En qu‚ consiste los criterios y tipos de becas disponibles?;;;;;;;;;
29;1. Criterios generales sobre becas;¨Qu‚ sucede si los criterios y tipos de becas disponibles?;;;;;;;;;
30;1. Criterios generales sobre becas;¨Por qu‚ motivo se los criterios y tipos de becas disponibles?;;;;;;;;;
31;1. Criterios generales sobre becas;¨Qu‚ pasa si los criterios y tipos de becas disponibles?;;;;;;;;;
32;1. Criterios generales sobre becas;¨C¢mo puedo los criterios y tipos de becas disponibles?;;;;;;;;;
33;1. Criterios generales sobre becas;¨Cu ndo debo los criterios y tipos de becas disponibles?;;;;;;;;;
34;1. Criterios generales sobre becas;¨D¢nde se los criterios y tipos de becas disponibles?;;;;;;;;;
35;1. Criterios generales sobre becas;¨Qui‚n puede los criterios y tipos de becas disponibles?;;;;;;;;;
36;1. Criterios generales sobre becas;¨Cu les son los requisitos para los criterios y tipos de becas disponibles?;;;;;;;;;
37;1. Criterios generales sobre becas;¨Se puede los criterios y tipos de becas disponibles?;;;;;;;;;
38;1. Criterios generales sobre becas;¨En qu‚ consiste los criterios y tipos de becas disponibles?;;;;;;;;;
39;1. Criterios generales sobre becas;¨Qu‚ sucede si los criterios y tipos de becas disponibles?;;;;;;;;;
40;1. Criterios generales sobre becas;¨Por qu‚ motivo se los criterios y tipos de becas disponibles?;;;;;;;;;
41;1. Criterios generales sobre becas;¨Qu‚ pasa si los criterios y tipos de becas disponibles?;;;;;;;;;
42;1. Criterios generales sobre becas;¨C¢mo puedo los criterios y tipos de becas disponibles?;;;;;;;;;
43;1. Criterios generales sobre becas;¨Cu ndo debo los criterios y tipos de becas disponibles?;;;;;;;;;
44;1. Criterios generales sobre becas;¨D¢nde se los criterios y tipos de becas disponibles?;;;;;;;;;
45;1. Criterios generales sobre becas;¨Qui‚n puede los criterios y tipos de becas disponibles?;;;;;;;;;
46;1. Criterios generales sobre becas;¨Cu les son los requisitos para los criterios y tipos de becas disponibles?;;;;;;;;;
47;1. Criterios generales sobre becas;¨Se puede los criterios y tipos de becas disponibles?;;;;;;;;;
48;1. Criterios generales sobre becas;¨En qu‚ consiste los criterios y tipos de becas disponibles?;;;;;;;;;
49;1. Criterios generales sobre becas;¨Qu‚ sucede si los criterios y tipos de becas disponibles?;;;;;;;;;
50;1. Criterios generales sobre becas;¨Por qu‚ motivo se los criterios y tipos de becas disponibles?;;;;;;;;;
51;1. Criterios generales sobre becas;¨Qu‚ pasa si los criterios y tipos de becas disponibles?;;;;;;;;;
52;1. Criterios generales sobre becas;¨C¢mo puedo los criterios y tipos de becas disponibles?;;;;;;;;;
53;1. Criterios generales sobre becas;¨Cu ndo debo los criterios y tipos de becas disponibles?;;;;;;;;;
54;1. Criterios generales sobre becas;¨D¢nde se los criterios y tipos de becas disponibles?;;;;;;;;;
55;1. Criterios generales sobre becas;¨Qui‚n puede los criterios y tipos de becas disponibles?;;;;;;;;;
56;1. Criterios generales sobre becas;¨Cu les son los requisitos para los criterios y tipos de becas disponibles?;;;;;;;;;
57;1. Criterios generales sobre becas;¨Se puede los criterios y tipos de becas disponibles?;;;;;;;;;
58;1. Criterios generales sobre becas;¨En qu‚ consiste los criterios y tipos de becas disponibles?;;;;;;;;;
59;1. Criterios generales sobre becas;¨Qu‚ sucede si los criterios y tipos de becas disponibles?;;;;;;;;;
60;1. Criterios generales sobre becas;¨Por qu‚ motivo se los criterios y tipos de becas disponibles?;;;;;;;;;
61;2. Petici¢n y otorgamiento de beca;¨Qu‚ pasa si el proceso para solicitar y obtener una beca?;;;;;;;;;
62;2. Petici¢n y otorgamiento de beca;¨C¢mo puedo el proceso para solicitar y obtener una beca?;;;;;;;;;
63;2. Petici¢n y otorgamiento de beca;¨Cu ndo debo el proceso para solicitar y obtener una beca?;;;;;;;;;
64;2. Petici¢n y otorgamiento de beca;¨D¢nde se el proceso para solicitar y obtener una beca?;;;;;;;;;
65;2. Petici¢n y otorgamiento de beca;¨Qui‚n puede el proceso para solicitar y obtener una beca?;;;;;;;;;
66;2. Petici¢n y otorgamiento de beca;¨Cu les son los requisitos para el proceso para solicitar y obtener una beca?;;;;;;;;;
67;2. Petici¢n y otorgamiento de beca;¨Se puede el proceso para solicitar y obtener una beca?;;;;;;;;;
68;2. Petici¢n y otorgamiento de beca;¨En qu‚ consiste el proceso para solicitar y obtener una beca?;;;;;;;;;
69;2. Petici¢n y otorgamiento de beca;¨Qu‚ sucede si el proceso para solicitar y obtener una beca?;;;;;;;;;
70;2. Petici¢n y otorgamiento de beca;¨Por qu‚ motivo se el proceso para solicitar y obtener una beca?;;;;;;;;;
71;2. Petici¢n y otorgamiento de beca;¨Qu‚ pasa si el proceso para solicitar y obtener una beca?;;;;;;;;;
72;2. Petici¢n y otorgamiento de beca;¨C¢mo puedo el proceso para solicitar y obtener una beca?;;;;;;;;;
73;2. Petici¢n y otorgamiento de beca;¨Cu ndo debo el proceso para solicitar y obtener una beca?;;;;;;;;;
74;2. Petici¢n y otorgamiento de beca;¨D¢nde se el proceso para solicitar y obtener una beca?;;;;;;;;;
75;2. Petici¢n y otorgamiento de beca;¨Qui‚n puede el proceso para solicitar y obtener una beca?;;;;;;;;;
76;2. Petici¢n y otorgamiento de beca;¨Cu les son los requisitos para el proceso para solicitar y obtener una beca?;;;;;;;;;
77;2. Petici¢n y otorgamiento de beca;¨Se puede el proceso para solicitar y obtener una beca?;;;;;;;;;
78;2. Petici¢n y otorgamiento de beca;¨En qu‚ consiste el proceso para solicitar y obtener una beca?;;;;;;;;;
79;2. Petici¢n y otorgamiento de beca;¨Qu‚ sucede si el proceso para solicitar y obtener una beca?;;;;;;;;;
80;2. Petici¢n y otorgamiento de beca;¨Por qu‚ motivo se el proceso para solicitar y obtener una beca?;;;;;;;;;
81;2. Petici¢n y otorgamiento de beca;¨Qu‚ pasa si el proceso para solicitar y obtener una beca?;;;;;;;;;
82;2. Petici¢n y otorgamiento de beca;¨C¢mo puedo el proceso para solicitar y obtener una beca?;;;;;;;;;
83;2. Petici¢n y otorgamiento de beca;¨Cu ndo debo el proceso para solicitar y obtener una beca?;;;;;;;;;
84;2. Petici¢n y otorgamiento de beca;¨D¢nde se el proceso para solicitar y obtener una beca?;;;;;;;;;
85;2. Petici¢n y otorgamiento de beca;¨Qui‚n puede el proceso para solicitar y obtener una beca?;;;;;;;;;
86;2. Petici¢n y otorgamiento de beca;¨Cu les son los requisitos para el proceso para solicitar y obtener una beca?;;;;;;;;;
87;2. Petici¢n y otorgamiento de beca;¨Se puede el proceso para solicitar y obtener una beca?;;;;;;;;;
88;2. Petici¢n y otorgamiento de beca;¨En qu‚ consiste el proceso para solicitar y obtener una beca?;;;;;;;;;
89;2. Petici¢n y otorgamiento de beca;¨Qu‚ sucede si el proceso para solicitar y obtener una beca?;;;;;;;;;
90;2. Petici¢n y otorgamiento de beca;¨Por qu‚ motivo se el proceso para solicitar y obtener una beca?;;;;;;;;;
91;2. Petici¢n y otorgamiento de beca;¨Qu‚ pasa si el proceso para solicitar y obtener una beca?;;;;;;;;;
92;2. Petici¢n y otorgamiento de beca;¨C¢mo puedo el proceso para solicitar y obtener una beca?;;;;;;;;;
93;2. Petici¢n y otorgamiento de beca;¨Cu ndo debo el proceso para solicitar y obtener una beca?;;;;;;;;;
94;2. Petici¢n y otorgamiento de beca;¨D¢nde se el proceso para solicitar y obtener una beca?;;;;;;;;;
95;2. Petici¢n y otorgamiento de beca;¨Qui‚n puede el proceso para solicitar y obtener una beca?;;;;;;;;;
96;2. Petici¢n y otorgamiento de beca;¨Cu les son los requisitos para el proceso para solicitar y obtener una beca?;;;;;;;;;
97;2. Petici¢n y otorgamiento de beca;¨Se puede el proceso para solicitar y obtener una beca?;;;;;;;;;
98;2. Petici¢n y otorgamiento de beca;¨En qu‚ consiste el proceso para solicitar y obtener una beca?;;;;;;;;;
99;2. Petici¢n y otorgamiento de beca;¨Qu‚ sucede si el proceso para solicitar y obtener una beca?;;;;;;;;;
100;2. Petici¢n y otorgamiento de beca;¨Por qu‚ motivo se el proceso para solicitar y obtener una beca?;;;;;;;;;
101;2. Petici¢n y otorgamiento de beca;¨Qu‚ pasa si el proceso para solicitar y obtener una beca?;;;;;;;;;
102;2. Petici¢n y otorgamiento de beca;¨C¢mo puedo el proceso para solicitar y obtener una beca?;;;;;;;;;
103;2. Petici¢n y otorgamiento de beca;¨Cu ndo debo el proceso para solicitar y obtener una beca?;;;;;;;;;
104;2. Petici¢n y otorgamiento de beca;¨D¢nde se el proceso para solicitar y obtener una beca?;;;;;;;;;
105;2. Petici¢n y otorgamiento de beca;¨Qui‚n puede el proceso para solicitar y obtener una beca?;;;;;;;;;
106;2. Petici¢n y otorgamiento de beca;¨Cu les son los requisitos para el proceso para solicitar y obtener una beca?;;;;;;;;;
107;2. Petici¢n y otorgamiento de beca;¨Se puede el proceso para solicitar y obtener una beca?;;;;;;;;;
108;2. Petici¢n y otorgamiento de beca;¨En qu‚ consiste el proceso para solicitar y obtener una beca?;;;;;;;;;
109;2. Petici¢n y otorgamiento de beca;¨Qu‚ sucede si el proceso para solicitar y obtener una beca?;;;;;;;;;
110;2. Petici¢n y otorgamiento de beca;¨Por qu‚ motivo se el proceso para solicitar y obtener una beca?;;;;;;;;;
111;2. Petici¢n y otorgamiento de beca;¨Qu‚ pasa si el proceso para solicitar y obtener una beca?;;;;;;;;;
112;2. Petici¢n y otorgamiento de beca;¨C¢mo puedo el proceso para solicitar y obtener una beca?;;;;;;;;;
113;2. Petici¢n y otorgamiento de beca;¨Cu ndo debo el proceso para solicitar y obtener una beca?;;;;;;;;;
114;2. Petici¢n y otorgamiento de beca;¨D¢nde se el proceso para solicitar y obtener una beca?;;;;;;;;;
115;2. Petici¢n y otorgamiento de beca;¨Qui‚n puede el proceso para solicitar y obtener una beca?;;;;;;;;;
116;2. Petici¢n y otorgamiento de beca;¨Cu les son los requisitos para el proceso para solicitar y obtener una beca?;;;;;;;;;
117;2. Petici¢n y otorgamiento de beca;¨Se puede el proceso para solicitar y obtener una beca?;;;;;;;;;
118;2. Petici¢n y otorgamiento de beca;¨En qu‚ consiste el proceso para solicitar y obtener una beca?;;;;;;;;;
119;2. Petici¢n y otorgamiento de beca;¨Qu‚ sucede si el proceso para solicitar y obtener una beca?;;;;;;;;;
120;2. Petici¢n y otorgamiento de beca;¨Por qu‚ motivo se el proceso para solicitar y obtener una beca?;;;;;;;;;
121;2. Petici¢n y otorgamiento de beca;¨Qu‚ pasa si el proceso para solicitar y obtener una beca?;;;;;;;;;
122;2. Petici¢n y otorgamiento de beca;¨C¢mo puedo el proceso para solicitar y obtener una beca?;;;;;;;;;
123;2. Petici¢n y otorgamiento de beca;¨Cu ndo debo el proceso para solicitar y obtener una beca?;;;;;;;;;
124;2. Petici¢n y otorgamiento de beca;¨D¢nde se el proceso para solicitar y obtener una beca?;;;;;;;;;
125;2. Petici¢n y otorgamiento de beca;¨Qui‚n puede el proceso para solicitar y obtener una beca?;;;;;;;;;
126;2. Petici¢n y otorgamiento de beca;¨Cu les son los requisitos para el proceso para solicitar y obtener una beca?;;;;;;;;;
127;2. Petici¢n y otorgamiento de beca;¨Se puede el proceso para solicitar y obtener una beca?;;;;;;;;;
128;2. Petici¢n y otorgamiento de beca;¨En qu‚ consiste el proceso para solicitar y obtener una beca?;;;;;;;;;
129;2. Petici¢n y otorgamiento de beca;¨Qu‚ sucede si el proceso para solicitar y obtener una beca?;;;;;;;;;
130;2. Petici¢n y otorgamiento de beca;¨Por qu‚ motivo se el proceso para solicitar y obtener una beca?;;;;;;;;;
131;3. Conservaci¢n de la beca;¨Qu‚ pasa si las condiciones para mantener el beneficio?;;;;;;;;;
132;3. Conservaci¢n de la beca;¨C¢mo puedo las condiciones para mantener el beneficio?;;;;;;;;;
133;3. Conservaci¢n de la beca;¨Cu ndo debo las condiciones para mantener el beneficio?;;;;;;;;;
134;3. Conservaci¢n de la beca;¨D¢nde se las condiciones para mantener el beneficio?;;;;;;;;;
135;3. Conservaci¢n de la beca;¨Qui‚n puede las condiciones para mantener el beneficio?;;;;;;;;;
136;3. Conservaci¢n de la beca;¨Cu les son los requisitos para las condiciones para mantener el beneficio?;;;;;;;;;
137;3. Conservaci¢n de la beca;¨Se puede las condiciones para mantener el beneficio?;;;;;;;;;
138;3. Conservaci¢n de la beca;¨En qu‚ consiste las condiciones para mantener el beneficio?;;;;;;;;;
139;3. Conservaci¢n de la beca;¨Qu‚ sucede si las condiciones para mantener el beneficio?;;;;;;;;;
140;3. Conservaci¢n de la beca;¨Por qu‚ motivo se las condiciones para mantener el beneficio?;;;;;;;;;
141;3. Conservaci¢n de la beca;¨Qu‚ pasa si las condiciones para mantener el beneficio?;;;;;;;;;
142;3. Conservaci¢n de la beca;¨C¢mo puedo las condiciones para mantener el beneficio?;;;;;;;;;
143;3. Conservaci¢n de la beca;¨Cu ndo debo las condiciones para mantener el beneficio?;;;;;;;;;
144;3. Conservaci¢n de la beca;¨D¢nde se las condiciones para mantener el beneficio?;;;;;;;;;
145;3. Conservaci¢n de la beca;¨Qui‚n puede las condiciones para mantener el beneficio?;;;;;;;;;
146;3. Conservaci¢n de la beca;¨Cu les son los requisitos para las condiciones para mantener el beneficio?;;;;;;;;;
147;3. Conservaci¢n de la beca;¨Se puede las condiciones para mantener el beneficio?;;;;;;;;;
148;3. Conservaci¢n de la beca;¨En qu‚ consiste las condiciones para mantener el beneficio?;;;;;;;;;
149;3. Conservaci¢n de la beca;¨Qu‚ sucede si las condiciones para mantener el beneficio?;;;;;;;;;
150;3. Conservaci¢n de la beca;¨Por qu‚ motivo se las condiciones para mantener el beneficio?;;;;;;;;;
151;3. Conservaci¢n de la beca;¨Qu‚ pasa si las condiciones para mantener el beneficio?;;;;;;;;;
152;3. Conservaci¢n de la beca;¨C¢mo puedo las condiciones para mantener el beneficio?;;;;;;;;;
153;3. Conservaci¢n de la beca;¨Cu ndo debo las condiciones para mantener el beneficio?;;;;;;;;;
154;3. Conservaci¢n de la beca;¨D¢nde se las condiciones para mantener el beneficio?;;;;;;;;;
155;3. Conservaci¢n de la beca;¨Qui‚n puede las condiciones para mantener el beneficio?;;;;;;;;;
156;3. Conservaci¢n de la beca;¨Cu les son los requisitos para las condiciones para mantener el beneficio?;;;;;;;;;
157;3. Conservaci¢n de la beca;¨Se puede las condiciones para mantener el beneficio?;;;;;;;;;
158;3. Conservaci¢n de la beca;¨En qu‚ consiste las condiciones para mantener el beneficio?;;;;;;;;;
159;3. Conservaci¢n de la beca;¨Qu‚ sucede si las condiciones para mantener el beneficio?;;;;;;;;;
160;3. Conservaci¢n de la beca;¨Por qu‚ motivo se las condiciones para mantener el beneficio?;;;;;;;;;
161;3. Conservaci¢n de la beca;¨Qu‚ pasa si las condiciones para mantener el beneficio?;;;;;;;;;
162;3. Conservaci¢n de la beca;¨C¢mo puedo las condiciones para mantener el beneficio?;;;;;;;;;
163;3. Conservaci¢n de la beca;¨Cu ndo debo las condiciones para mantener el beneficio?;;;;;;;;;
164;3. Conservaci¢n de la beca;¨D¢nde se las condiciones para mantener el beneficio?;;;;;;;;;
165;3. Conservaci¢n de la beca;¨Qui‚n puede las condiciones para mantener el beneficio?;;;;;;;;;
166;3. Conservaci¢n de la beca;¨Cu les son los requisitos para las condiciones para mantener el beneficio?;;;;;;;;;
167;3. Conservaci¢n de la beca;¨Se puede las condiciones para mantener el beneficio?;;;;;;;;;
168;3. Conservaci¢n de la beca;¨En qu‚ consiste las condiciones para mantener el beneficio?;;;;;;;;;
169;3. Conservaci¢n de la beca;¨Qu‚ sucede si las condiciones para mantener el beneficio?;;;;;;;;;
170;3. Conservaci¢n de la beca;¨Por qu‚ motivo se las condiciones para mantener el beneficio?;;;;;;;;;
171;3. Conservaci¢n de la beca;¨Qu‚ pasa si las condiciones para mantener el beneficio?;;;;;;;;;
172;3. Conservaci¢n de la beca;¨C¢mo puedo las condiciones para mantener el beneficio?;;;;;;;;;
173;3. Conservaci¢n de la beca;¨Cu ndo debo las condiciones para mantener el beneficio?;;;;;;;;;
174;3. Conservaci¢n de la beca;¨D¢nde se las condiciones para mantener el beneficio?;;;;;;;;;
175;3. Conservaci¢n de la beca;¨Qui‚n puede las condiciones para mantener el beneficio?;;;;;;;;;
176;3. Conservaci¢n de la beca;¨Cu les son los requisitos para las condiciones para mantener el beneficio?;;;;;;;;;
177;3. Conservaci¢n de la beca;¨Se puede las condiciones para mantener el beneficio?;;;;;;;;;
178;3. Conservaci¢n de la beca;¨En qu‚ consiste las condiciones para mantener el beneficio?;;;;;;;;;
179;3. Conservaci¢n de la beca;¨Qu‚ sucede si las condiciones para mantener el beneficio?;;;;;;;;;
180;3. Conservaci¢n de la beca;¨Por qu‚ motivo se las condiciones para mantener el beneficio?;;;;;;;;;
181;3. Conservaci¢n de la beca;¨Qu‚ pasa si las condiciones para mantener el beneficio?;;;;;;;;;
182;3. Conservaci¢n de la beca;¨C¢mo puedo las condiciones para mantener el beneficio?;;;;;;;;;
183;3. Conservaci¢n de la beca;¨Cu ndo debo las condiciones para mantener el beneficio?;;;;;;;;;
184;3. Conservaci¢n de la beca;¨D¢nde se las condiciones para mantener el beneficio?;;;;;;;;;
185;3. Conservaci¢n de la beca;¨Qui‚n puede las condiciones para mantener el beneficio?;;;;;;;;;
186;3. Conservaci¢n de la beca;¨Cu les son los requisitos para las condiciones para mantener el beneficio?;;;;;;;;;
187;3. Conservaci¢n de la beca;¨Se puede las condiciones para mantener el beneficio?;;;;;;;;;
188;3. Conservaci¢n de la beca;¨En qu‚ consiste las condiciones para mantener el beneficio?;;;;;;;;;
189;3. Conservaci¢n de la beca;¨Qu‚ sucede si las condiciones para mantener el beneficio?;;;;;;;;;
190;3. Conservaci¢n de la beca;¨Por qu‚ motivo se las condiciones para mantener el beneficio?;;;;;;;;;
191;3. Conservaci¢n de la beca;¨Qu‚ pasa si las condiciones para mantener el beneficio?;;;;;;;;;
192;3. Conservaci¢n de la beca;¨C¢mo puedo las condiciones para mantener el beneficio?;;;;;;;;;
193;3. Conservaci¢n de la beca;¨Cu ndo debo las condiciones para mantener el beneficio?;;;;;;;;;
194;3. Conservaci¢n de la beca;¨D¢nde se las condiciones para mantener el beneficio?;;;;;;;;;
195;3. Conservaci¢n de la beca;¨Qui‚n puede las condiciones para mantener el beneficio?;;;;;;;;;
196;3. Conservaci¢n de la beca;¨Cu les son los requisitos para las condiciones para mantener el beneficio?;;;;;;;;;
197;3. Conservaci¢n de la beca;¨Se puede las condiciones para mantener el beneficio?;;;;;;;;;
198;3. Conservaci¢n de la beca;¨En qu‚ consiste las condiciones para mantener el beneficio?;;;;;;;;;
199;3. Conservaci¢n de la beca;¨Qu‚ sucede si las condiciones para mantener el beneficio?;;;;;;;;;
200;3. Conservaci¢n de la beca;¨Por qu‚ motivo se las condiciones para mantener el beneficio?;;;;;;;;;
201;4. P‚rdida y recuperaci¢n de la beca;¨Qu‚ pasa si las causas de suspensi¢n o p‚rdida y c¢mo recuperarla?;;;;;;;;;
202;4. P‚rdida y recuperaci¢n de la beca;¨C¢mo puedo las causas de suspensi¢n o p‚rdida y c¢mo recuperarla?;;;;;;;;;
203;4. P‚rdida y recuperaci¢n de la beca;¨Cu ndo debo las causas de suspensi¢n o p‚rdida y c¢mo recuperarla?;;;;;;;;;
204;4. P‚rdida y recuperaci¢n de la beca;¨D¢nde se las causas de suspensi¢n o p‚rdida y c¢mo recuperarla?;;;;;;;;;
205;4. P‚rdida y recuperaci¢n de la beca;¨Qui‚n puede las causas de suspensi¢n o p‚rdida y c¢mo recuperarla?;;;;;;;;;
206;4. P‚rdida y recuperaci¢n de la beca;¨Cu les son los requisitos para las causas de suspensi¢n o p‚rdida y c¢mo recuperarla?;;;;;;;;;
207;4. P‚rdida y recuperaci¢n de la beca;¨Se puede las causas de suspensi¢n o p‚rdida y c¢mo recuperarla?;;;;;;;;;
208;4. P‚rdida y recuperaci¢n de la beca;¨En qu‚ consiste las causas de suspensi¢n o p‚rdida y c¢mo recuperarla?;;;;;;;;;
209;4. P‚rdida y recuperaci¢n de la beca;¨Qu‚ sucede si las causas de suspensi¢n o p‚rdida y c¢mo recuperarla?;;;;;;;;;
210;4. P‚rdida y recuperaci¢n de la beca;¨Por qu‚ motivo se las causas de suspensi¢n o p‚rdida y c¢mo recuperarla?;;;;;;;;;
211;4. P‚rdida y recuperaci¢n de la beca;¨Qu‚ pasa si las causas de suspensi¢n o p‚rdida y c¢mo recuperarla?;;;;;;;;;
212;4. P‚rdida y recuperaci¢n de la beca;¨C¢mo puedo las causas de suspensi¢n o p‚rdida y c¢mo recuperarla?;;;;;;;;;
213;4. P‚rdida y recuperaci¢n de la beca;¨Cu ndo debo las causas de suspensi¢n o p‚rdida y c¢mo recuperarla?;;;;;;;;;
214;4. P‚rdida y recuperaci¢n de la beca;¨D¢nde se las causas de suspensi¢n o p‚rdida y c¢mo recuperarla?;;;;;;;;;
215;4. P‚rdida y recuperaci¢n de la beca;¨Qui‚n puede las causas de suspensi¢n o p‚rdida y c¢mo recuperarla?;;;;;;;;;
216;4. P‚rdida y recuperaci¢n de la beca;¨Cu les son los requisitos para las causas de suspensi¢n o p‚rdida y c¢mo recuperarla?;;;;;;;;;
217;4. P‚rdida y recuperaci¢n de la beca;¨Se puede las causas de suspensi¢n o p‚rdida y c¢mo recuperarla?;;;;;;;;;
218;4. P‚rdida y recuperaci¢n de la beca;¨En qu‚ consiste las causas de suspensi¢n o p‚rdida y c¢mo recuperarla?;;;;;;;;;
219;4. P‚rdida y recuperaci¢n de la beca;¨Qu‚ sucede si las causas de suspensi¢n o p‚rdida y c¢mo recuperarla?;;;;;;;;;
220;4. P‚rdida y recuperaci¢n de la beca;¨Por qu‚ motivo se las causas de suspensi¢n o p‚rdida y c¢mo recuperarla?;;;;;;;;;
221;4. P‚rdida y recuperaci¢n de la beca;¨Qu‚ pasa si las causas de suspensi¢n o p‚rdida y c¢mo recuperarla?;;;;;;;;;
222;4. P‚rdida y recuperaci¢n de la beca;¨C¢mo puedo las causas de suspensi¢n o p‚rdida y c¢mo recuperarla?;;;;;;;;;
223;4. P‚rdida y recuperaci¢n de la beca;¨Cu ndo debo las causas de suspensi¢n o p‚rdida y c¢mo recuperarla?;;;;;;;;;
224;4. P‚rdida y recuperaci¢n de la beca;¨D¢nde se las causas de suspensi¢n o p‚rdida y c¢mo recuperarla?;;;;;;;;;
225;4. P‚rdida y recuperaci¢n de la beca;¨Qui‚n puede las causas de suspensi¢n o p‚rdida y c¢mo recuperarla?;;;;;;;;;
226;4. P‚rdida y recuperaci¢n de la beca;¨Cu les son los requisitos para las causas de suspensi¢n o p‚rdida y c¢mo recuperarla?;;;;;;;;;
227;4. P‚rdida y recuperaci¢n de la beca;¨Se puede las causas de suspensi¢n o p‚rdida y c¢mo recuperarla?;;;;;;;;;
228;4. P‚rdida y recuperaci¢n de la beca;¨En qu‚ consiste las causas de suspensi¢n o p‚rdida y c¢mo recuperarla?;;;;;;;;;
229;4. P‚rdida y recuperaci¢n de la beca;¨Qu‚ sucede si las causas de suspensi¢n o p‚rdida y c¢mo recuperarla?;;;;;;;;;
230;4. P‚rdida y recuperaci¢n de la beca;¨Por qu‚ motivo se las causas de suspensi¢n o p‚rdida y c¢mo recuperarla?;;;;;;;;;
231;4. P‚rdida y recuperaci¢n de la beca;¨Qu‚ pasa si las causas de suspensi¢n o p‚rdida y c¢mo recuperarla?;;;;;;;;;
232;4. P‚rdida y recuperaci¢n de la beca;¨C¢mo puedo las causas de suspensi¢n o p‚rdida y c¢mo recuperarla?;;;;;;;;;
233;4. P‚rdida y recuperaci¢n de la beca;¨Cu ndo debo las causas de suspensi¢n o p‚rdida y c¢mo recuperarla?;;;;;;;;;
234;4. P‚rdida y recuperaci¢n de la beca;¨D¢nde se las causas de suspensi¢n o p‚rdida y c¢mo recuperarla?;;;;;;;;;
235;4. P‚rdida y recuperaci¢n de la beca;¨Qui‚n puede las causas de suspensi¢n o p‚rdida y c¢mo recuperarla?;;;;;;;;;
236;4. P‚rdida y recuperaci¢n de la beca;¨Cu les son los requisitos para las causas de suspensi¢n o p‚rdida y c¢mo recuperarla?;;;;;;;;;
237;4. P‚rdida y recuperaci¢n de la beca;¨Se puede las causas de suspensi¢n o p‚rdida y c¢mo recuperarla?;;;;;;;;;
238;4. P‚rdida y recuperaci¢n de la beca;¨En qu‚ consiste las causas de suspensi¢n o p‚rdida y c¢mo recuperarla?;;;;;;;;;
239;4. P‚rdida y recuperaci¢n de la beca;¨Qu‚ sucede si las causas de suspensi¢n o p‚rdida y c¢mo recuperarla?;;;;;;;;;
240;4. P‚rdida y recuperaci¢n de la beca;¨Por qu‚ motivo se las causas de suspensi¢n o p‚rdida y c¢mo recuperarla?;;;;;;;;;
241;4. P‚rdida y recuperaci¢n de la beca;¨Qu‚ pasa si las causas de suspensi¢n o p‚rdida y c¢mo recuperarla?;;;;;;;;;
242;4. P‚rdida y recuperaci¢n de la beca;¨C¢mo puedo las causas de suspensi¢n o p‚rdida y c¢mo recuperarla?;;;;;;;;;
243;4. P‚rdida y recuperaci¢n de la beca;¨Cu ndo debo las causas de suspensi¢n o p‚rdida y c¢mo recuperarla?;;;;;;;;;
244;4. P‚rdida y recuperaci¢n de la beca;¨D¢nde se las causas de suspensi¢n o p‚rdida y c¢mo recuperarla?;;;;;;;;;
245;4. P‚rdida y recuperaci¢n de la beca;¨Qui‚n puede las causas de suspensi¢n o p‚rdida y c¢mo recuperarla?;;;;;;;;;
246;4. P‚rdida y recuperaci¢n de la beca;¨Cu les son los requisitos para las causas de suspensi¢n o p‚rdida y c¢mo recuperarla?;;;;;;;;;
247;4. P‚rdida y recuperaci¢n de la beca;¨Se puede las causas de suspensi¢n o p‚rdida y c¢mo recuperarla?;;;;;;;;;
248;4. P‚rdida y recuperaci¢n de la beca;¨En qu‚ consiste las causas de suspensi¢n o p‚rdida y c¢mo recuperarla?;;;;;;;;;
249;4. P‚rdida y recuperaci¢n de la beca;¨Qu‚ sucede si las causas de suspensi¢n o p‚rdida y c¢mo recuperarla?;;;;;;;;;
250;4. P‚rdida y recuperaci¢n de la beca;¨Por qu‚ motivo se las causas de suspensi¢n o p‚rdida y c¢mo recuperarla?;;;;;;;;;
251;4. P‚rdida y recuperaci¢n de la beca;¨Qu‚ pasa si las causas de suspensi¢n o p‚rdida y c¢mo recuperarla?;;;;;;;;;
252;4. P‚rdida y recuperaci¢n de la beca;¨C¢mo puedo las causas de suspensi¢n o p‚rdida y c¢mo recuperarla?;;;;;;;;;
253;4. P‚rdida y recuperaci¢n de la beca;¨Cu ndo debo las causas de suspensi¢n o p‚rdida y c¢mo recuperarla?;;;;;;;;;
254;4. P‚rdida y recuperaci¢n de la beca;¨D¢nde se las causas de suspensi¢n o p‚rdida y c¢mo recuperarla?;;;;;;;;;
255;4. P‚rdida y recuperaci¢n de la beca;¨Qui‚n puede las causas de suspensi¢n o p‚rdida y c¢mo recuperarla?;;;;;;;;;
256;4. P‚rdida y recuperaci¢n de la beca;¨Cu les son los requisitos para las causas de suspensi¢n o p‚rdida y c¢mo recuperarla?;;;;;;;;;
257;4. P‚rdida y recuperaci¢n de la beca;¨Se puede las causas de suspensi¢n o p‚rdida y c¢mo recuperarla?;;;;;;;;;
258;4. P‚rdida y recuperaci¢n de la beca;¨En qu‚ consiste las causas de suspensi¢n o p‚rdida y c¢mo recuperarla?;;;;;;;;;
259;4. P‚rdida y recuperaci¢n de la beca;¨Qu‚ sucede si las causas de suspensi¢n o p‚rdida y c¢mo recuperarla?;;;;;;;;;
260;4. P‚rdida y recuperaci¢n de la beca;¨Por qu‚ motivo se las causas de suspensi¢n o p‚rdida y c¢mo recuperarla?;;;;;;;;;
261;4. P‚rdida y recuperaci¢n de la beca;¨Qu‚ pasa si las causas de suspensi¢n o p‚rdida y c¢mo recuperarla?;;;;;;;;;
262;4. P‚rdida y recuperaci¢n de la beca;¨C¢mo puedo las causas de suspensi¢n o p‚rdida y c¢mo recuperarla?;;;;;;;;;
263;4. P‚rdida y recuperaci¢n de la beca;¨Cu ndo debo las causas de suspensi¢n o p‚rdida y c¢mo recuperarla?;;;;;;;;;
264;4. P‚rdida y recuperaci¢n de la beca;¨D¢nde se las causas de suspensi¢n o p‚rdida y c¢mo recuperarla?;;;;;;;;;
265;4. P‚rdida y recuperaci¢n de la beca;¨Qui‚n puede las causas de suspensi¢n o p‚rdida y c¢mo recuperarla?;;;;;;;;;
266;4. P‚rdida y recuperaci¢n de la beca;¨Cu les son los requisitos para las causas de suspensi¢n o p‚rdida y c¢mo recuperarla?;;;;;;;;;
267;4. P‚rdida y recuperaci¢n de la beca;¨Se puede las causas de suspensi¢n o p‚rdida y c¢mo recuperarla?;;;;;;;;;
268;4. P‚rdida y recuperaci¢n de la beca;¨En qu‚ consiste las causas de suspensi¢n o p‚rdida y c¢mo recuperarla?;;;;;;;;;
269;4. P‚rdida y recuperaci¢n de la beca;¨Qu‚ sucede si las causas de suspensi¢n o p‚rdida y c¢mo recuperarla?;;;;;;;;;
270;4. P‚rdida y recuperaci¢n de la beca;¨Por qu‚ motivo se las causas de suspensi¢n o p‚rdida y c¢mo recuperarla?;;;;;;;;;
271;5. Transferencia y movilidad con beca o financiamiento;¨Qu‚ pasa si las becas en caso de cambiar de campus o sede?;;;;;;;;;
272;5. Transferencia y movilidad con beca o financiamiento;¨C¢mo puedo las becas en caso de cambiar de campus o sede?;;;;;;;;;
273;5. Transferencia y movilidad con beca o financiamiento;¨Cu ndo debo las becas en caso de cambiar de campus o sede?;;;;;;;;;
274;5. Transferencia y movilidad con beca o financiamiento;¨D¢nde se las becas en caso de cambiar de campus o sede?;;;;;;;;;
275;5. Transferencia y movilidad con beca o financiamiento;¨Qui‚n puede las becas en caso de cambiar de campus o sede?;;;;;;;;;
276;5. Transferencia y movilidad con beca o financiamiento;¨Cu les son los requisitos para las becas en caso de cambiar de campus o sede?;;;;;;;;;
277;5. Transferencia y movilidad con beca o financiamiento;¨Se puede las becas en caso de cambiar de campus o sede?;;;;;;;;;
278;5. Transferencia y movilidad con beca o financiamiento;¨En qu‚ consiste las becas en caso de cambiar de campus o sede?;;;;;;;;;
279;5. Transferencia y movilidad con beca o financiamiento;¨Qu‚ sucede si las becas en caso de cambiar de campus o sede?;;;;;;;;;
280;5. Transferencia y movilidad con beca o financiamiento;¨Por qu‚ motivo se las becas en caso de cambiar de campus o sede?;;;;;;;;;
281;5. Transferencia y movilidad con beca o financiamiento;¨Qu‚ pasa si las becas en caso de cambiar de campus o sede?;;;;;;;;;
282;5. Transferencia y movilidad con beca o financiamiento;¨C¢mo puedo las becas en caso de cambiar de campus o sede?;;;;;;;;;
283;5. Transferencia y movilidad con beca o financiamiento;¨Cu ndo debo las becas en caso de cambiar de campus o sede?;;;;;;;;;
284;5. Transferencia y movilidad con beca o financiamiento;¨D¢nde se las becas en caso de cambiar de campus o sede?;;;;;;;;;
285;5. Transferencia y movilidad con beca o financiamiento;¨Qui‚n puede las becas en caso de cambiar de campus o sede?;;;;;;;;;
286;5. Transferencia y movilidad con beca o financiamiento;¨Cu les son los requisitos para las becas en caso de cambiar de campus o sede?;;;;;;;;;
287;5. Transferencia y movilidad con beca o financiamiento;¨Se puede las becas en caso de cambiar de campus o sede?;;;;;;;;;
288;5. Transferencia y movilidad con beca o financiamiento;¨En qu‚ consiste las becas en caso de cambiar de campus o sede?;;;;;;;;;
289;5. Transferencia y movilidad con beca o financiamiento;¨Qu‚ sucede si las becas en caso de cambiar de campus o sede?;;;;;;;;;
290;5. Transferencia y movilidad con beca o financiamiento;¨Por qu‚ motivo se las becas en caso de cambiar de campus o sede?;;;;;;;;;
291;5. Transferencia y movilidad con beca o financiamiento;¨Qu‚ pasa si las becas en caso de cambiar de campus o sede?;;;;;;;;;
292;5. Transferencia y movilidad con beca o financiamiento;¨C¢mo puedo las becas en caso de cambiar de campus o sede?;;;;;;;;;
293;5. Transferencia y movilidad con beca o financiamiento;¨Cu ndo debo las becas en caso de cambiar de campus o sede?;;;;;;;;;
294;5. Transferencia y movilidad con beca o financiamiento;¨D¢nde se las becas en caso de cambiar de campus o sede?;;;;;;;;;
295;5. Transferencia y movilidad con beca o financiamiento;¨Qui‚n puede las becas en caso de cambiar de campus o sede?;;;;;;;;;
296;5. Transferencia y movilidad con beca o financiamiento;¨Cu les son los requisitos para las becas en caso de cambiar de campus o sede?;;;;;;;;;
297;5. Transferencia y movilidad con beca o financiamiento;¨Se puede las becas en caso de cambiar de campus o sede?;;;;;;;;;
298;5. Transferencia y movilidad con beca o financiamiento;¨En qu‚ consiste las becas en caso de cambiar de campus o sede?;;;;;;;;;
299;5. Transferencia y movilidad con beca o financiamiento;¨Qu‚ sucede si las becas en caso de cambiar de campus o sede?;;;;;;;;;
300;5. Transferencia y movilidad con beca o financiamiento;¨Por qu‚ motivo se las becas en caso de cambiar de campus o sede?;;;;;;;;;
301;5. Transferencia y movilidad con beca o financiamiento;¨Qu‚ pasa si las becas en caso de cambiar de campus o sede?;;;;;;;;;
302;5. Transferencia y movilidad con beca o financiamiento;¨C¢mo puedo las becas en caso de cambiar de campus o sede?;;;;;;;;;
303;5. Transferencia y movilidad con beca o financiamiento;¨Cu ndo debo las becas en caso de cambiar de campus o sede?;;;;;;;;;
304;5. Transferencia y movilidad con beca o financiamiento;¨D¢nde se las becas en caso de cambiar de campus o sede?;;;;;;;;;
305;5. Transferencia y movilidad con beca o financiamiento;¨Qui‚n puede las becas en caso de cambiar de campus o sede?;;;;;;;;;
306;5. Transferencia y movilidad con beca o financiamiento;¨Cu les son los requisitos para las becas en caso de cambiar de campus o sede?;;;;;;;;;
307;5. Transferencia y movilidad con beca o financiamiento;¨Se puede las becas en caso de cambiar de campus o sede?;;;;;;;;;
308;5. Transferencia y movilidad con beca o financiamiento;¨En qu‚ consiste las becas en caso de cambiar de campus o sede?;;;;;;;;;
309;5. Transferencia y movilidad con beca o financiamiento;¨Qu‚ sucede si las becas en caso de cambiar de campus o sede?;;;;;;;;;
310;5. Transferencia y movilidad con beca o financiamiento;¨Por qu‚ motivo se las becas en caso de cambiar de campus o sede?;;;;;;;;;
311;5. Transferencia y movilidad con beca o financiamiento;¨Qu‚ pasa si las becas en caso de cambiar de campus o sede?;;;;;;;;;
312;5. Transferencia y movilidad con beca o financiamiento;¨C¢mo puedo las becas en caso de cambiar de campus o sede?;;;;;;;;;
313;5. Transferencia y movilidad con beca o financiamiento;¨Cu ndo debo las becas en caso de cambiar de campus o sede?;;;;;;;;;
314;5. Transferencia y movilidad con beca o financiamiento;¨D¢nde se las becas en caso de cambiar de campus o sede?;;;;;;;;;
315;5. Transferencia y movilidad con beca o financiamiento;¨Qui‚n puede las becas en caso de cambiar de campus o sede?;;;;;;;;;
316;5. Transferencia y movilidad con beca o financiamiento;¨Cu les son los requisitos para las becas en caso de cambiar de campus o sede?;;;;;;;;;
317;5. Transferencia y movilidad con beca o financiamiento;¨Se puede las becas en caso de cambiar de campus o sede?;;;;;;;;;
318;5. Transferencia y movilidad con beca o financiamiento;¨En qu‚ consiste las becas en caso de cambiar de campus o sede?;;;;;;;;;
319;5. Transferencia y movilidad con beca o financiamiento;¨Qu‚ sucede si las becas en caso de cambiar de campus o sede?;;;;;;;;;
320;5. Transferencia y movilidad con beca o financiamiento;¨Por qu‚ motivo se las becas en caso de cambiar de campus o sede?;;;;;;;;;
321;6. Comit‚ de becas y financiamiento educativo;¨Qu‚ pasa si el comit‚ encargado de evaluar solicitudes?;;;;;;;;;
322;6. Comit‚ de becas y financiamiento educativo;¨C¢mo puedo el comit‚ encargado de evaluar solicitudes?;;;;;;;;;
323;6. Comit‚ de becas y financiamiento educativo;¨Cu ndo debo el comit‚ encargado de evaluar solicitudes?;;;;;;;;;
324;6. Comit‚ de becas y financiamiento educativo;¨D¢nde se el comit‚ encargado de evaluar solicitudes?;;;;;;;;;
325;6. Comit‚ de becas y financiamiento educativo;¨Qui‚n puede el comit‚ encargado de evaluar solicitudes?;;;;;;;;;
326;6. Comit‚ de becas y financiamiento educativo;¨Cu les son los requisitos para el comit‚ encargado de evaluar solicitudes?;;;;;;;;;
327;6. Comit‚ de becas y financiamiento educativo;¨Se puede el comit‚ encargado de evaluar solicitudes?;;;;;;;;;
328;6. Comit‚ de becas y financiamiento educativo;¨En qu‚ consiste el comit‚ encargado de evaluar solicitudes?;;;;;;;;;
329;6. Comit‚ de becas y financiamiento educativo;¨Qu‚ sucede si el comit‚ encargado de evaluar solicitudes?;;;;;;;;;
330;6. Comit‚ de becas y financiamiento educativo;¨Por qu‚ motivo se el comit‚ encargado de evaluar solicitudes?;;;;;;;;;
331;6. Comit‚ de becas y financiamiento educativo;¨Qu‚ pasa si el comit‚ encargado de evaluar solicitudes?;;;;;;;;;
332;6. Comit‚ de becas y financiamiento educativo;¨C¢mo puedo el comit‚ encargado de evaluar solicitudes?;;;;;;;;;
333;6. Comit‚ de becas y financiamiento educativo;¨Cu ndo debo el comit‚ encargado de evaluar solicitudes?;;;;;;;;;
334;6. Comit‚ de becas y financiamiento educativo;¨D¢nde se el comit‚ encargado de evaluar solicitudes?;;;;;;;;;
335;6. Comit‚ de becas y financiamiento educativo;¨Qui‚n puede el comit‚ encargado de evaluar solicitudes?;;;;;;;;;
336;6. Comit‚ de becas y financiamiento educativo;¨Cu les son los requisitos para el comit‚ encargado de evaluar solicitudes?;;;;;;;;;
337;6. Comit‚ de becas y financiamiento educativo;¨Se puede el comit‚ encargado de evaluar solicitudes?;;;;;;;;;
338;6. Comit‚ de becas y financiamiento educativo;¨En qu‚ consiste el comit‚ encargado de evaluar solicitudes?;;;;;;;;;
339;6. Comit‚ de becas y financiamiento educativo;¨Qu‚ sucede si el comit‚ encargado de evaluar solicitudes?;;;;;;;;;
340;6. Comit‚ de becas y financiamiento educativo;¨Por qu‚ motivo se el comit‚ encargado de evaluar solicitudes?;;;;;;;;;
341;6. Comit‚ de becas y financiamiento educativo;¨Qu‚ pasa si el comit‚ encargado de evaluar solicitudes?;;;;;;;;;
342;6. Comit‚ de becas y financiamiento educativo;¨C¢mo puedo el comit‚ encargado de evaluar solicitudes?;;;;;;;;;
343;6. Comit‚ de becas y financiamiento educativo;¨Cu ndo debo el comit‚ encargado de evaluar solicitudes?;;;;;;;;;
344;6. Comit‚ de becas y financiamiento educativo;¨D¢nde se el comit‚ encargado de evaluar solicitudes?;;;;;;;;;
345;6. Comit‚ de becas y financiamiento educativo;¨Qui‚n puede el comit‚ encargado de evaluar solicitudes?;;;;;;;;;
346;6. Comit‚ de becas y financiamiento educativo;¨Cu les son los requisitos para el comit‚ encargado de evaluar solicitudes?;;;;;;;;;
347;6. Comit‚ de becas y financiamiento educativo;¨Se puede el comit‚ encargado de evaluar solicitudes?;;;;;;;;;
348;6. Comit‚ de becas y financiamiento educativo;¨En qu‚ consiste el comit‚ encargado de evaluar solicitudes?;;;;;;;;;
349;6. Comit‚ de becas y financiamiento educativo;¨Qu‚ sucede si el comit‚ encargado de evaluar solicitudes?;;;;;;;;;
350;6. Comit‚ de becas y financiamiento educativo;¨Por qu‚ motivo se el comit‚ encargado de evaluar solicitudes?;;;;;;;;;
351;6. Comit‚ de becas y financiamiento educativo;¨Qu‚ pasa si el comit‚ encargado de evaluar solicitudes?;;;;;;;;;
352;6. Comit‚ de becas y financiamiento educativo;¨C¢mo puedo el comit‚ encargado de evaluar solicitudes?;;;;;;;;;
353;6. Comit‚ de becas y financiamiento educativo;¨Cu ndo debo el comit‚ encargado de evaluar solicitudes?;;;;;;;;;
354;6. Comit‚ de becas y financiamiento educativo;¨D¢nde se el comit‚ encargado de evaluar solicitudes?;;;;;;;;;
355;6. Comit‚ de becas y financiamiento educativo;¨Qui‚n puede el comit‚ encargado de evaluar solicitudes?;;;;;;;;;
356;6. Comit‚ de becas y financiamiento educativo;¨Cu les son los requisitos para el comit‚ encargado de evaluar solicitudes?;;;;;;;;;
357;6. Comit‚ de becas y financiamiento educativo;¨Se puede el comit‚ encargado de evaluar solicitudes?;;;;;;;;;
358;6. Comit‚ de becas y financiamiento educativo;¨En qu‚ consiste el comit‚ encargado de evaluar solicitudes?;;;;;;;;;
359;6. Comit‚ de becas y financiamiento educativo;¨Qu‚ sucede si el comit‚ encargado de evaluar solicitudes?;;;;;;;;;
360;6. Comit‚ de becas y financiamiento educativo;¨Por qu‚ motivo se el comit‚ encargado de evaluar solicitudes?;;;;;;;;;
361;7. Financiamiento educativo (criterios, solicitud, renovaci¢n, pago, p‚rdida);¨Qu‚ pasa si el sistema de cr‚ditos o apoyos financieros?;;;;;;;;;
362;7. Financiamiento educativo (criterios, solicitud, renovaci¢n, pago, p‚rdida);¨C¢mo puedo el sistema de cr‚ditos o apoyos financieros?;;;;;;;;;
363;7. Financiamiento educativo (criterios, solicitud, renovaci¢n, pago, p‚rdida);¨Cu ndo debo el sistema de cr‚ditos o apoyos financieros?;;;;;;;;;
364;7. Financiamiento educativo (criterios, solicitud, renovaci¢n, pago, p‚rdida);¨D¢nde se el sistema de cr‚ditos o apoyos financieros?;;;;;;;;;
365;7. Financiamiento educativo (criterios, solicitud, renovaci¢n, pago, p‚rdida);¨Qui‚n puede el sistema de cr‚ditos o apoyos financieros?;;;;;;;;;
366;7. Financiamiento educativo (criterios, solicitud, renovaci¢n, pago, p‚rdida);¨Cu les son los requisitos para el sistema de cr‚ditos o apoyos financieros?;;;;;;;;;
367;7. Financiamiento educativo (criterios, solicitud, renovaci¢n, pago, p‚rdida);¨Se puede el sistema de cr‚ditos o apoyos financieros?;;;;;;;;;
368;7. Financiamiento educativo (criterios, solicitud, renovaci¢n, pago, p‚rdida);¨En qu‚ consiste el sistema de cr‚ditos o apoyos financieros?;;;;;;;;;
369;7. Financiamiento educativo (criterios, solicitud, renovaci¢n, pago, p‚rdida);¨Qu‚ sucede si el sistema de cr‚ditos o apoyos financieros?;;;;;;;;;
370;7. Financiamiento educativo (criterios, solicitud, renovaci¢n, pago, p‚rdida);¨Por qu‚ motivo se el sistema de cr‚ditos o apoyos financieros?;;;;;;;;;
371;7. Financiamiento educativo (criterios, solicitud, renovaci¢n, pago, p‚rdida);¨Qu‚ pasa si el sistema de cr‚ditos o apoyos financieros?;;;;;;;;;
372;7. Financiamiento educativo (criterios, solicitud, renovaci¢n, pago, p‚rdida);¨C¢mo puedo el sistema de cr‚ditos o apoyos financieros?;;;;;;;;;
373;7. Financiamiento educativo (criterios, solicitud, renovaci¢n, pago, p‚rdida);¨Cu ndo debo el sistema de cr‚ditos o apoyos financieros?;;;;;;;;;
374;7. Financiamiento educativo (criterios, solicitud, renovaci¢n, pago, p‚rdida);¨D¢nde se el sistema de cr‚ditos o apoyos financieros?;;;;;;;;;
375;7. Financiamiento educativo (criterios, solicitud, renovaci¢n, pago, p‚rdida);¨Qui‚n puede el sistema de cr‚ditos o apoyos financieros?;;;;;;;;;
376;7. Financiamiento educativo (criterios, solicitud, renovaci¢n, pago, p‚rdida);¨Cu les son los requisitos para el sistema de cr‚ditos o apoyos financieros?;;;;;;;;;
377;7. Financiamiento educativo (criterios, solicitud, renovaci¢n, pago, p‚rdida);¨Se puede el sistema de cr‚ditos o apoyos financieros?;;;;;;;;;
378;7. Financiamiento educativo (criterios, solicitud, renovaci¢n, pago, p‚rdida);¨En qu‚ consiste el sistema de cr‚ditos o apoyos financieros?;;;;;;;;;
379;7. Financiamiento educativo (criterios, solicitud, renovaci¢n, pago, p‚rdida);¨Qu‚ sucede si el sistema de cr‚ditos o apoyos financieros?;;;;;;;;;
380;7. Financiamiento educativo (criterios, solicitud, renovaci¢n, pago, p‚rdida);¨Por qu‚ motivo se el sistema de cr‚ditos o apoyos financieros?;;;;;;;;;
381;7. Financiamiento educativo (criterios, solicitud, renovaci¢n, pago, p‚rdida);¨Qu‚ pasa si el sistema de cr‚ditos o apoyos financieros?;;;;;;;;;
382;7. Financiamiento educativo (criterios, solicitud, renovaci¢n, pago, p‚rdida);¨C¢mo puedo el sistema de cr‚ditos o apoyos financieros?;;;;;;;;;
383;7. Financiamiento educativo (criterios, solicitud, renovaci¢n, pago, p‚rdida);¨Cu ndo debo el sistema de cr‚ditos o apoyos financieros?;;;;;;;;;
384;7. Financiamiento educativo (criterios, solicitud, renovaci¢n, pago, p‚rdida);¨D¢nde se el sistema de cr‚ditos o apoyos financieros?;;;;;;;;;
385;7. Financiamiento educativo (criterios, solicitud, renovaci¢n, pago, p‚rdida);¨Qui‚n puede el sistema de cr‚ditos o apoyos financieros?;;;;;;;;;
386;7. Financiamiento educativo (criterios, solicitud, renovaci¢n, pago, p‚rdida);¨Cu les son los requisitos para el sistema de cr‚ditos o apoyos financieros?;;;;;;;;;
387;7. Financiamiento educativo (criterios, solicitud, renovaci¢n, pago, p‚rdida);¨Se puede el sistema de cr‚ditos o apoyos financieros?;;;;;;;;;
388;7. Financiamiento educativo (criterios, solicitud, renovaci¢n, pago, p‚rdida);¨En qu‚ consiste el sistema de cr‚ditos o apoyos financieros?;;;;;;;;;
389;7. Financiamiento educativo (criterios, solicitud, renovaci¢n, pago, p‚rdida);¨Qu‚ sucede si el sistema de cr‚ditos o apoyos financieros?;;;;;;;;;
390;7. Financiamiento educativo (criterios, solicitud, renovaci¢n, pago, p‚rdida);¨Por qu‚ motivo se el sistema de cr‚ditos o apoyos financieros?;;;;;;;;;
391;7. Financiamiento educativo (criterios, solicitud, renovaci¢n, pago, p‚rdida);¨Qu‚ pasa si el sistema de cr‚ditos o apoyos financieros?;;;;;;;;;
392;7. Financiamiento educativo (criterios, solicitud, renovaci¢n, pago, p‚rdida);¨C¢mo puedo el sistema de cr‚ditos o apoyos financieros?;;;;;;;;;
393;7. Financiamiento educativo (criterios, solicitud, renovaci¢n, pago, p‚rdida);¨Cu ndo debo el sistema de cr‚ditos o apoyos financieros?;;;;;;;;;
394;7. Financiamiento educativo (criterios, solicitud, renovaci¢n, pago, p‚rdida);¨D¢nde se el sistema de cr‚ditos o apoyos financieros?;;;;;;;;;
395;7. Financiamiento educativo (criterios, solicitud, renovaci¢n, pago, p‚rdida);¨Qui‚n puede el sistema de cr‚ditos o apoyos financieros?;;;;;;;;;
396;7. Financiamiento educativo (criterios, solicitud, renovaci¢n, pago, p‚rdida);¨Cu les son los requisitos para el sistema de cr‚ditos o apoyos financieros?;;;;;;;;;
397;7. Financiamiento educativo (criterios, solicitud, renovaci¢n, pago, p‚rdida);¨Se puede el sistema de cr‚ditos o apoyos financieros?;;;;;;;;;
398;7. Financiamiento educativo (criterios, solicitud, renovaci¢n, pago, p‚rdida);¨En qu‚ consiste el sistema de cr‚ditos o apoyos financieros?;;;;;;;;;
399;7. Financiamiento educativo (criterios, solicitud, renovaci¢n, pago, p‚rdida);¨Qu‚ sucede si el sistema de cr‚ditos o apoyos financieros?;;;;;;;;;
400;7. Financiamiento educativo (criterios, solicitud, renovaci¢n, pago, p‚rdida);¨Por qu‚ motivo se el sistema de cr‚ditos o apoyos financieros?;;;;;;;;;
401;7. Financiamiento educativo (criterios, solicitud, renovaci¢n, pago, p‚rdida);¨Qu‚ pasa si el sistema de cr‚ditos o apoyos financieros?;;;;;;;;;
402;7. Financiamiento educativo (criterios, solicitud, renovaci¢n, pago, p‚rdida);¨C¢mo puedo el sistema de cr‚ditos o apoyos financieros?;;;;;;;;;
403;7. Financiamiento educativo (criterios, solicitud, renovaci¢n, pago, p‚rdida);¨Cu ndo debo el sistema de cr‚ditos o apoyos financieros?;;;;;;;;;
404;7. Financiamiento educativo (criterios, solicitud, renovaci¢n, pago, p‚rdida);¨D¢nde se el sistema de cr‚ditos o apoyos financieros?;;;;;;;;;
405;7. Financiamiento educativo (criterios, solicitud, renovaci¢n, pago, p‚rdida);¨Qui‚n puede el sistema de cr‚ditos o apoyos financieros?;;;;;;;;;
406;7. Financiamiento educativo (criterios, solicitud, renovaci¢n, pago, p‚rdida);¨Cu les son los requisitos para el sistema de cr‚ditos o apoyos financieros?;;;;;;;;;
407;7. Financiamiento educativo (criterios, solicitud, renovaci¢n, pago, p‚rdida);¨Se puede el sistema de cr‚ditos o apoyos financieros?;;;;;;;;;
408;7. Financiamiento educativo (criterios, solicitud, renovaci¢n, pago, p‚rdida);¨En qu‚ consiste el sistema de cr‚ditos o apoyos financieros?;;;;;;;;;
409;7. Financiamiento educativo (criterios, solicitud, renovaci¢n, pago, p‚rdida);¨Qu‚ sucede si el sistema de cr‚ditos o apoyos financieros?;;;;;;;;;
410;7. Financiamiento educativo (criterios, solicitud, renovaci¢n, pago, p‚rdida);¨Por qu‚ motivo se el sistema de cr‚ditos o apoyos financieros?;;;;;;;;;
411;7. Financiamiento educativo (criterios, solicitud, renovaci¢n, pago, p‚rdida);¨Qu‚ pasa si el sistema de cr‚ditos o apoyos financieros?;;;;;;;;;
412;7. Financiamiento educativo (criterios, solicitud, renovaci¢n, pago, p‚rdida);¨C¢mo puedo el sistema de cr‚ditos o apoyos financieros?;;;;;;;;;
413;7. Financiamiento educativo (criterios, solicitud, renovaci¢n, pago, p‚rdida);¨Cu ndo debo el sistema de cr‚ditos o apoyos financieros?;;;;;;;;;
414;7. Financiamiento educativo (criterios, solicitud, renovaci¢n, pago, p‚rdida);¨D¢nde se el sistema de cr‚ditos o apoyos financieros?;;;;;;;;;
415;7. Financiamiento educativo (criterios, solicitud, renovaci¢n, pago, p‚rdida);¨Qui‚n puede el sistema de cr‚ditos o apoyos financieros?;;;;;;;;;
416;7. Financiamiento educativo (criterios, solicitud, renovaci¢n, pago, p‚rdida);¨Cu les son los requisitos para el sistema de cr‚ditos o apoyos financieros?;;;;;;;;;
417;7. Financiamiento educativo (criterios, solicitud, renovaci¢n, pago, p‚rdida);¨Se puede el sistema de cr‚ditos o apoyos financieros?;;;;;;;;;
418;7. Financiamiento educativo (criterios, solicitud, renovaci¢n, pago, p‚rdida);¨En qu‚ consiste el sistema de cr‚ditos o apoyos financieros?;;;;;;;;;
419;7. Financiamiento educativo (criterios, solicitud, renovaci¢n, pago, p‚rdida);¨Qu‚ sucede si el sistema de cr‚ditos o apoyos financieros?;;;;;;;;;
420;7. Financiamiento educativo (criterios, solicitud, renovaci¢n, pago, p‚rdida);¨Por qu‚ motivo se el sistema de cr‚ditos o apoyos financieros?;;;;;;;;;
421;7. Financiamiento educativo (criterios, solicitud, renovaci¢n, pago, p‚rdida);¨Qu‚ pasa si el sistema de cr‚ditos o apoyos financieros?;;;;;;;;;
422;7. Financiamiento educativo (criterios, solicitud, renovaci¢n, pago, p‚rdida);¨C¢mo puedo el sistema de cr‚ditos o apoyos financieros?;;;;;;;;;
423;7. Financiamiento educativo (criterios, solicitud, renovaci¢n, pago, p‚rdida);¨Cu ndo debo el sistema de cr‚ditos o apoyos financieros?;;;;;;;;;
424;7. Financiamiento educativo (criterios, solicitud, renovaci¢n, pago, p‚rdida);¨D¢nde se el sistema de cr‚ditos o apoyos financieros?;;;;;;;;;
425;7. Financiamiento educativo (criterios, solicitud, renovaci¢n, pago, p‚rdida);¨Qui‚n puede el sistema de cr‚ditos o apoyos financieros?;;;;;;;;;
426;7. Financiamiento educativo (criterios, solicitud, renovaci¢n, pago, p‚rdida);¨Cu les son los requisitos para el sistema de cr‚ditos o apoyos financieros?;;;;;;;;;
427;7. Financiamiento educativo (criterios, solicitud, renovaci¢n, pago, p‚rdida);¨Se puede el sistema de cr‚ditos o apoyos financieros?;;;;;;;;;
428;7. Financiamiento educativo (criterios, solicitud, renovaci¢n, pago, p‚rdida);¨En qu‚ consiste el sistema de cr‚ditos o apoyos financieros?;;;;;;;;;
429;7. Financiamiento educativo (criterios, solicitud, renovaci¢n, pago, p‚rdida);¨Qu‚ sucede si el sistema de cr‚ditos o apoyos financieros?;;;;;;;;;
430;7. Financiamiento educativo (criterios, solicitud, renovaci¢n, pago, p‚rdida);¨Por qu‚ motivo se el sistema de cr‚ditos o apoyos financieros?;;;;;;;;;
431;7. Financiamiento educativo (criterios, solicitud, renovaci¢n, pago, p‚rdida);¨Qu‚ pasa si el sistema de cr‚ditos o apoyos financieros?;;;;;;;;;
432;7. Financiamiento educativo (criterios, solicitud, renovaci¢n, pago, p‚rdida);¨C¢mo puedo el sistema de cr‚ditos o apoyos financieros?;;;;;;;;;
433;7. Financiamiento educativo (criterios, solicitud, renovaci¢n, pago, p‚rdida);¨Cu ndo debo el sistema de cr‚ditos o apoyos financieros?;;;;;;;;;
434;7. Financiamiento educativo (criterios, solicitud, renovaci¢n, pago, p‚rdida);¨D¢nde se el sistema de cr‚ditos o apoyos financieros?;;;;;;;;;
435;7. Financiamiento educativo (criterios, solicitud, renovaci¢n, pago, p‚rdida);¨Qui‚n puede el sistema de cr‚ditos o apoyos financieros?;;;;;;;;;
436;7. Financiamiento educativo (criterios, solicitud, renovaci¢n, pago, p‚rdida);¨Cu les son los requisitos para el sistema de cr‚ditos o apoyos financieros?;;;;;;;;;
437;7. Financiamiento educativo (criterios, solicitud, renovaci¢n, pago, p‚rdida);¨Se puede el sistema de cr‚ditos o apoyos financieros?;;;;;;;;;
438;7. Financiamiento educativo (criterios, solicitud, renovaci¢n, pago, p‚rdida);¨En qu‚ consiste el sistema de cr‚ditos o apoyos financieros?;;;;;;;;;
439;7. Financiamiento educativo (criterios, solicitud, renovaci¢n, pago, p‚rdida);¨Qu‚ sucede si el sistema de cr‚ditos o apoyos financieros?;;;;;;;;;
440;7. Financiamiento educativo (criterios, solicitud, renovaci¢n, pago, p‚rdida);¨Por qu‚ motivo se el sistema de cr‚ditos o apoyos financieros?;;;;;;;;;
441;7. Financiamiento educativo (criterios, solicitud, renovaci¢n, pago, p‚rdida);¨Qu‚ pasa si el sistema de cr‚ditos o apoyos financieros?;;;;;;;;;
442;7. Financiamiento educativo (criterios, solicitud, renovaci¢n, pago, p‚rdida);¨C¢mo puedo el sistema de cr‚ditos o apoyos financieros?;;;;;;;;;
443;7. Financiamiento educativo (criterios, solicitud, renovaci¢n, pago, p‚rdida);¨Cu ndo debo el sistema de cr‚ditos o apoyos financieros?;;;;;;;;;
444;7. Financiamiento educativo (criterios, solicitud, renovaci¢n, pago, p‚rdida);¨D¢nde se el sistema de cr‚ditos o apoyos financieros?;;;;;;;;;
445;7. Financiamiento educativo (criterios, solicitud, renovaci¢n, pago, p‚rdida);¨Qui‚n puede el sistema de cr‚ditos o apoyos financieros?;;;;;;;;;
446;7. Financiamiento educativo (criterios, solicitud, renovaci¢n, pago, p‚rdida);¨Cu les son los requisitos para el sistema de cr‚ditos o apoyos financieros?;;;;;;;;;
447;7. Financiamiento educativo (criterios, solicitud, renovaci¢n, pago, p‚rdida);¨Se puede el sistema de cr‚ditos o apoyos financieros?;;;;;;;;;
448;7. Financiamiento educativo (criterios, solicitud, renovaci¢n, pago, p‚rdida);¨En qu‚ consiste el sistema de cr‚ditos o apoyos financieros?;;;;;;;;;
449;7. Financiamiento educativo (criterios, solicitud, renovaci¢n, pago, p‚rdida);¨Qu‚ sucede si el sistema de cr‚ditos o apoyos financieros?;;;;;;;;;
450;7. Financiamiento educativo (criterios, solicitud, renovaci¢n, pago, p‚rdida);¨Por qu‚ motivo se el sistema de cr‚ditos o apoyos financieros?;;;;;;;;;
451;7. Financiamiento educativo (criterios, solicitud, renovaci¢n, pago, p‚rdida);¨Qu‚ pasa si el sistema de cr‚ditos o apoyos financieros?;;;;;;;;;
452;7. Financiamiento educativo (criterios, solicitud, renovaci¢n, pago, p‚rdida);¨C¢mo puedo el sistema de cr‚ditos o apoyos financieros?;;;;;;;;;
453;7. Financiamiento educativo (criterios, solicitud, renovaci¢n, pago, p‚rdida);¨Cu ndo debo el sistema de cr‚ditos o apoyos financieros?;;;;;;;;;
454;7. Financiamiento educativo (criterios, solicitud, renovaci¢n, pago, p‚rdida);¨D¢nde se el sistema de cr‚ditos o apoyos financieros?;;;;;;;;;
455;7. Financiamiento educativo (criterios, solicitud, renovaci¢n, pago, p‚rdida);¨Qui‚n puede el sistema de cr‚ditos o apoyos financieros?;;;;;;;;;
456;7. Financiamiento educativo (criterios, solicitud, renovaci¢n, pago, p‚rdida);¨Cu les son los requisitos para el sistema de cr‚ditos o apoyos financieros?;;;;;;;;;
457;7. Financiamiento educativo (criterios, solicitud, renovaci¢n, pago, p‚rdida);¨Se puede el sistema de cr‚ditos o apoyos financieros?;;;;;;;;;
458;7. Financiamiento educativo (criterios, solicitud, renovaci¢n, pago, p‚rdida);¨En qu‚ consiste el sistema de cr‚ditos o apoyos financieros?;;;;;;;;;
459;7. Financiamiento educativo (criterios, solicitud, renovaci¢n, pago, p‚rdida);¨Qu‚ sucede si el sistema de cr‚ditos o apoyos financieros?;;;;;;;;;
460;7. Financiamiento educativo (criterios, solicitud, renovaci¢n, pago, p‚rdida);¨Por qu‚ motivo se el sistema de cr‚ditos o apoyos financieros?;;;;;;;;;
461;8. Financiamiento educativo provisional;¨Qu‚ pasa si los apoyos financieros temporales o de emergencia?;;;;;;;;;
462;8. Financiamiento educativo provisional;¨C¢mo puedo los apoyos financieros temporales o de emergencia?;;;;;;;;;
463;8. Financiamiento educativo provisional;¨Cu ndo debo los apoyos financieros temporales o de emergencia?;;;;;;;;;
464;8. Financiamiento educativo provisional;¨D¢nde se los apoyos financieros temporales o de emergencia?;;;;;;;;;
465;8. Financiamiento educativo provisional;¨Qui‚n puede los apoyos financieros temporales o de emergencia?;;;;;;;;;
466;8. Financiamiento educativo provisional;¨Cu les son los requisitos para los apoyos financieros temporales o de emergencia?;;;;;;;;;
467;8. Financiamiento educativo provisional;¨Se puede los apoyos financieros temporales o de emergencia?;;;;;;;;;
468;8. Financiamiento educativo provisional;¨En qu‚ consiste los apoyos financieros temporales o de emergencia?;;;;;;;;;
469;8. Financiamiento educativo provisional;¨Qu‚ sucede si los apoyos financieros temporales o de emergencia?;;;;;;;;;
470;8. Financiamiento educativo provisional;¨Por qu‚ motivo se los apoyos financieros temporales o de emergencia?;;;;;;;;;
471;8. Financiamiento educativo provisional;¨Qu‚ pasa si los apoyos financieros temporales o de emergencia?;;;;;;;;;
472;8. Financiamiento educativo provisional;¨C¢mo puedo los apoyos financieros temporales o de emergencia?;;;;;;;;;
473;8. Financiamiento educativo provisional;¨Cu ndo debo los apoyos financieros temporales o de emergencia?;;;;;;;;;
474;8. Financiamiento educativo provisional;¨D¢nde se los apoyos financieros temporales o de emergencia?;;;;;;;;;
475;8. Financiamiento educativo provisional;¨Qui‚n puede los apoyos financieros temporales o de emergencia?;;;;;;;;;
476;8. Financiamiento educativo provisional;¨Cu les son los requisitos para los apoyos financieros temporales o de emergencia?;;;;;;;;;
477;8. Financiamiento educativo provisional;¨Se puede los apoyos financieros temporales o de emergencia?;;;;;;;;;
478;8. Financiamiento educativo provisional;¨En qu‚ consiste los apoyos financieros temporales o de emergencia?;;;;;;;;;CODEX
479;8. Financiamiento educativo provisional;¨Qu‚ sucede si los apoyos financieros temporales o de emergencia?;;;;;;;;;
480;8. Financiamiento educativo provisional;¨Por qu‚ motivo se los apoyos financieros temporales o de emergencia?;;;;;;;;;
481;8. Financiamiento educativo provisional;¨Qu‚ pasa si los apoyos financieros temporales o de emergencia?;;;;;;;;;
482;8. Financiamiento educativo provisional;¨C¢mo puedo los apoyos financieros temporales o de emergencia?;;;;;;;;;
483;8. Financiamiento educativo provisional;¨Cu ndo debo los apoyos financieros temporales o de emergencia?;;;;;;;;;
484;8. Financiamiento educativo provisional;¨D¢nde se los apoyos financieros temporales o de emergencia?;;;;;;;;;
485;8. Financiamiento educativo provisional;¨Qui‚n puede los apoyos financieros temporales o de emergencia?;;;;;;;;;
486;8. Financiamiento educativo provisional;¨Cu les son los requisitos para los apoyos financieros temporales o de emergencia?;;;;;;;;;
487;8. Financiamiento educativo provisional;¨Se puede los apoyos financieros temporales o de emergencia?;;;;;;;;;
488;8. Financiamiento educativo provisional;¨En qu‚ consiste los apoyos financieros temporales o de emergencia?;;;;;;;;;
489;8. Financiamiento educativo provisional;¨Qu‚ sucede si los apoyos financieros temporales o de emergencia?;;;;;;;;;
490;8. Financiamiento educativo provisional;¨Por qu‚ motivo se los apoyos financieros temporales o de emergencia?;;;;;;;;;
491;8. Financiamiento educativo provisional;¨Qu‚ pasa si los apoyos financieros temporales o de emergencia?;;;;;;;;;
492;8. Financiamiento educativo provisional;¨C¢mo puedo los apoyos financieros temporales o de emergencia?;;;;;;;;;
493;8. Financiamiento educativo provisional;¨Cu ndo debo los apoyos financieros temporales o de emergencia?;;;;;;;;;
494;8. Financiamiento educativo provisional;¨D¢nde se los apoyos financieros temporales o de emergencia?;;;;;;;;;
495;8. Financiamiento educativo provisional;¨Qui‚n puede los apoyos financieros temporales o de emergencia?;;;;;;;;;
496;8. Financiamiento educativo provisional;¨Cu les son los requisitos para los apoyos financieros temporales o de emergencia?;;;;;;;;;
497;8. Financiamiento educativo provisional;¨Se puede los apoyos financieros temporales o de emergencia?;;;;;;;;;
498;8. Financiamiento educativo provisional;¨En qu‚ consiste los apoyos financieros temporales o de emergencia?;;;;;;;;;
499;8. Financiamiento educativo provisional;¨Qu‚ sucede si los apoyos financieros temporales o de emergencia?;;;;;;;;;
500;8. Financiamiento educativo provisional;¨Por qu‚ motivo se los apoyos financieros temporales o de emergencia?;;;;;;;;;
